RESP_CODE,TYPE REJET
971,Fonctionnel
973,Fonctionnel
972,Fonctionnel
928,Fonctionnel
818,Fonctionnel
843,Fonctionnel
860,Fonctionnel
820,Fonctionnel
992,Fonctionnel
826,Fonctionnel
994,Fonctionnel
803,Fonctionnel
824,Fonctionnel
953,Fonctionnel
970,Fonctionnel
917,Fonctionnel
938,Fonctionnel
817,Fonctionnel
806,Fonctionnel
827,Fonctionnel
877,Fonctionnel
952,Fonctionnel
258,Fonctionnel
878,Fonctionnel
875,Fonctionnel
814,Fonctionnel
853,Fonctionnel
854,Fonctionnel
852,Fonctionnel
856,Fonctionnel
804,Fonctionnel
815,Fonctionnel
847,Fonctionnel
793,Fonctionnel
791,Fonctionnel
887,Fonctionnel
840,Fonctionnel
790,Fonctionnel
816,Fonctionnel
961,Fonctionnel
883,Fonctionnel
886,Fonctionnel
956,Fonctionnel
913,Fonctionnel
910,Fonctionnel
947,Fonctionnel
911,Fonctionnel
912,Fonctionnel
977,Fonctionnel
921,Fonctionnel
908,Fonctionnel
906,Fonctionnel
819,Fonctionnel
265,Fonctionnel
871,Fonctionnel
915,Fonctionnel
979,Fonctionnel
960,Fonctionnel
901,Fonctionnel
904,Fonctionnel
919,Fonctionnel
920,Fonctionnel
927,Fonctionnel
980,Fonctionnel
323,Fonctionnel
857,Fonctionnel
822,Fonctionnel
862,Fonctionnel
941,Fonctionnel
872,Fonctionnel
823,Fonctionnel
821,Fonctionnel
829,Technique
842,Technique
805,Technique
833,Technique
933,Technique
902,Technique
876,Technique
832,Technique
838,Technique
946,Technique
861,Technique
844,Technique
954,Technique
909,Technique
837,Technique
944,Technique
931,Technique
955,Technique
0,Technique
841,Technique
851,Technique
975,Technique
951,Technique
930,Technique
932,Technique
934,Technique
962,Technique
993,Technique
907,Technique
914,Technique
978,Technique
905,Technique
825,Technique
879,Technique
874,Technique
942,Technique
943,Technique
802,Technique
828,Technique
957,Technique
831,Technique
850,Technique
807,Technique
855,Technique
75,Technique
916,Technique
849,Technique
839,Technique
835,Technique
963,Technique
967,Technique
940,Technique
949,Technique
958,Technique
811,Technique
950,Technique
976,Technique
940,Technique
813,Technique
834,Technique
900,Technique
812,Technique
939,Technique
968,Technique
974,Technique
859,Technique
966,Technique
964,Technique
965,Technique
969,Technique
922,Technique
923,Technique
903,Technique
935,Technique
880,Technique
848,Technique
925,Technique
859,Technique
924,Technique
926,Technique
809,Technique
808,Technique
959,Technique
264,Technique
280,Technique
289,Technique
304,Technique
305,Technique
312,Technique
889,Technique
890,Technique
981,Technique
997,Technique